participant_id,session_id,window_start_ms,window_end_ms,label,data_quality_score,modality,model,prediction,probability
F-000001,FIXTURE-0001,0,10000,1,1.0,physiology,logistic_regression,1,0.965228895627724
F-000001,FIXTURE-0001,10000,20000,1,1.0,physiology,logistic_regression,1,0.9914915378554489
F-000001,FIXTURE-0001,20000,30000,1,1.0,physiology,logistic_regression,1,0.9545270456926217
F-000001,FIXTURE-0001,30000,40000,0,0.6666666666666666,physiology,logistic_regression,1,0.5812524325044902
F-000001,FIXTURE-0001,40000,50000,0,1.0,physiology,logistic_regression,0,0.02665427626006993
F-000001,FIXTURE-0001,50000,60000,0,0.6666666666666666,physiology,logistic_regression,0,0.004028085808521873
F-000001,FIXTURE-0001,60000,70000,1,1.0,physiology,logistic_regression,1,0.9951658187679793
F-000001,FIXTURE-0001,70000,80000,1,1.0,physiology,logistic_regression,1,0.9871407927710211
F-000001,FIXTURE-0001,80000,90000,1,1.0,physiology,logistic_regression,1,0.9988993198339837
F-000001,FIXTURE-0001,90000,100000,0,1.0,physiology,logistic_regression,0,0.007228387881824304
F-000001,FIXTURE-0001,100000,110000,0,1.0,physiology,logistic_regression,0,0.0003483016992522527
F-000001,FIXTURE-0001,110000,120000,0,0.3333333333333333,physiology,logistic_regression,1,0.5812524325044902
F-000003,FIXTURE-0003,0,10000,1,1.0,physiology,logistic_regression,1,0.970941206791197
F-000003,FIXTURE-0003,10000,20000,1,0.6666666666666666,physiology,logistic_regression,1,0.9949609134641123
F-000003,FIXTURE-0003,20000,30000,1,1.0,physiology,logistic_regression,1,0.9859426625321109
F-000003,FIXTURE-0003,30000,40000,0,0.6666666666666666,physiology,logistic_regression,1,0.5812524325044902
F-000003,FIXTURE-0003,40000,50000,0,1.0,physiology,logistic_regression,0,0.013901743444166965
F-000003,FIXTURE-0003,50000,60000,0,1.0,physiology,logistic_regression,0,0.018581591076353574
F-000003,FIXTURE-0003,60000,70000,1,1.0,physiology,logistic_regression,1,0.8438115920290111
F-000003,FIXTURE-0003,70000,80000,1,1.0,physiology,logistic_regression,1,0.933326577514225
F-000003,FIXTURE-0003,80000,90000,1,1.0,physiology,logistic_regression,1,0.9626024400295463
F-000003,FIXTURE-0003,90000,100000,0,1.0,physiology,logistic_regression,0,0.012517134664729727
F-000003,FIXTURE-0003,100000,110000,0,1.0,physiology,logistic_regression,0,0.003165391811184805
F-000003,FIXTURE-0003,110000,120000,0,0.6666666666666666,physiology,logistic_regression,1,0.5812524325044902
F-000012,FIXTURE-0012,0,10000,0,1.0,physiology,logistic_regression,0,0.0028194735064362157
F-000012,FIXTURE-0012,10000,20000,0,1.0,physiology,logistic_regression,0,0.022838337219105824
F-000012,FIXTURE-0012,20000,30000,0,1.0,physiology,logistic_regression,0,0.0011550166594431282
F-000012,FIXTURE-0012,30000,40000,1,0.6666666666666666,physiology,logistic_regression,1,0.5812524325044902
F-000012,FIXTURE-0012,40000,50000,1,0.6666666666666666,physiology,logistic_regression,1,0.9635933062843723
F-000012,FIXTURE-0012,50000,60000,1,1.0,physiology,logistic_regression,1,0.9799843213058903
F-000012,FIXTURE-0012,60000,70000,0,1.0,physiology,logistic_regression,0,0.014518369127479816
F-000012,FIXTURE-0012,70000,80000,0,1.0,physiology,logistic_regression,0,0.005989819107001201
F-000012,FIXTURE-0012,80000,90000,0,1.0,physiology,logistic_regression,0,0.0022805117421988074
F-000012,FIXTURE-0012,90000,100000,1,1.0,physiology,logistic_regression,1,0.8487057713936343
F-000012,FIXTURE-0012,100000,110000,1,1.0,physiology,logistic_regression,1,0.9482855977041017
F-000012,FIXTURE-0012,110000,120000,1,0.6666666666666666,physiology,logistic_regression,1,0.5812524325044902
F-000001,FIXTURE-0001,0,10000,1,1.0,speech,logistic_regression,1,0.99442825001049
F-000001,FIXTURE-0001,10000,20000,1,1.0,speech,logistic_regression,1,0.9969977615740467
F-000001,FIXTURE-0001,20000,30000,1,1.0,speech,logistic_regression,1,0.9880283368921885
F-000001,FIXTURE-0001,30000,40000,0,0.6666666666666666,speech,logistic_regression,0,0.003717264046175978
F-000001,FIXTURE-0001,40000,50000,0,1.0,speech,logistic_regression,0,0.006641391316384977
F-000001,FIXTURE-0001,50000,60000,0,0.6666666666666666,speech,logistic_regression,0,0.36606279519962737
F-000001,FIXTURE-0001,60000,70000,1,1.0,speech,logistic_regression,1,0.997874808569824
F-000001,FIXTURE-0001,70000,80000,1,1.0,speech,logistic_regression,1,0.987580121224041
F-000001,FIXTURE-0001,80000,90000,1,1.0,speech,logistic_regression,1,0.9508373762341727
F-000001,FIXTURE-0001,90000,100000,0,1.0,speech,logistic_regression,0,0.050892143261638864
F-000001,FIXTURE-0001,100000,110000,0,1.0,speech,logistic_regression,0,0.04722380044546023
F-000001,FIXTURE-0001,110000,120000,0,0.3333333333333333,speech,logistic_regression,0,0.36606279519962737
F-000003,FIXTURE-0003,0,10000,1,1.0,speech,logistic_regression,1,0.971409672760785
F-000003,FIXTURE-0003,10000,20000,1,0.6666666666666666,speech,logistic_regression,0,0.36606279519962737
F-000003,FIXTURE-0003,20000,30000,1,1.0,speech,logistic_regression,1,0.9764966550569736
F-000003,FIXTURE-0003,30000,40000,0,0.6666666666666666,speech,logistic_regression,0,0.020139843360163362
F-000003,FIXTURE-0003,40000,50000,0,1.0,speech,logistic_regression,0,0.007651899058502843
F-000003,FIXTURE-0003,50000,60000,0,1.0,speech,logistic_regression,0,0.039443431683444725
F-000003,FIXTURE-0003,60000,70000,1,1.0,speech,logistic_regression,1,0.9935427697720319
F-000003,FIXTURE-0003,70000,80000,1,1.0,speech,logistic_regression,1,0.9843848282668687
F-000003,FIXTURE-0003,80000,90000,1,1.0,speech,logistic_regression,1,0.9166242354407569
F-000003,FIXTURE-0003,90000,100000,0,1.0,speech,logistic_regression,0,0.006528351034196658
F-000003,FIXTURE-0003,100000,110000,0,1.0,speech,logistic_regression,0,0.009079291335979567
F-000003,FIXTURE-0003,110000,120000,0,0.6666666666666666,speech,logistic_regression,0,0.0029485014036561936
F-000012,FIXTURE-0012,0,10000,0,1.0,speech,logistic_regression,0,0.004872867236872011
F-000012,FIXTURE-0012,10000,20000,0,1.0,speech,logistic_regression,0,0.0841879517618209
F-000012,FIXTURE-0012,20000,30000,0,1.0,speech,logistic_regression,0,0.06307626744216234
F-000012,FIXTURE-0012,30000,40000,1,0.6666666666666666,speech,logistic_regression,1,0.9974949187274393
F-000012,FIXTURE-0012,40000,50000,1,0.6666666666666666,speech,logistic_regression,0,0.36606279519962737
F-000012,FIXTURE-0012,50000,60000,1,1.0,speech,logistic_regression,1,0.9358356157565596
F-000012,FIXTURE-0012,60000,70000,0,1.0,speech,logistic_regression,0,0.009917090793086005
F-000012,FIXTURE-0012,70000,80000,0,1.0,speech,logistic_regression,0,0.002118398648765037
F-000012,FIXTURE-0012,80000,90000,0,1.0,speech,logistic_regression,0,0.01824076978967286
F-000012,FIXTURE-0012,90000,100000,1,1.0,speech,logistic_regression,1,0.9987122121953514
F-000012,FIXTURE-0012,100000,110000,1,1.0,speech,logistic_regression,1,0.9894466714766805
F-000012,FIXTURE-0012,110000,120000,1,0.6666666666666666,speech,logistic_regression,1,0.9818356403323119
F-000001,FIXTURE-0001,0,10000,1,1.0,combined,random_forest,1,0.9875
F-000001,FIXTURE-0001,10000,20000,1,1.0,combined,random_forest,1,1.0
F-000001,FIXTURE-0001,20000,30000,1,1.0,combined,random_forest,1,0.9875
F-000001,FIXTURE-0001,30000,40000,0,0.6666666666666666,combined,random_forest,0,0.03125
F-000001,FIXTURE-0001,40000,50000,0,1.0,combined,random_forest,0,0.0
F-000001,FIXTURE-0001,50000,60000,0,0.6666666666666666,combined,random_forest,0,0.0625
F-000001,FIXTURE-0001,60000,70000,1,1.0,combined,random_forest,1,1.0
F-000001,FIXTURE-0001,70000,80000,1,1.0,combined,random_forest,1,1.0
F-000001,FIXTURE-0001,80000,90000,1,1.0,combined,random_forest,1,0.975
F-000001,FIXTURE-0001,90000,100000,0,1.0,combined,random_forest,0,0.0
F-000001,FIXTURE-0001,100000,110000,0,1.0,combined,random_forest,0,0.00625
F-000001,FIXTURE-0001,110000,120000,0,0.3333333333333333,combined,random_forest,1,0.8526041666666668
F-000003,FIXTURE-0003,0,10000,1,1.0,combined,random_forest,1,0.95625
F-000003,FIXTURE-0003,10000,20000,1,0.6666666666666666,combined,random_forest,1,0.8625
F-000003,FIXTURE-0003,20000,30000,1,1.0,combined,random_forest,1,0.975
F-000003,FIXTURE-0003,30000,40000,0,0.6666666666666666,combined,random_forest,0,0.2625
F-000003,FIXTURE-0003,40000,50000,0,1.0,combined,random_forest,0,0.0
F-000003,FIXTURE-0003,50000,60000,0,1.0,combined,random_forest,0,0.0
F-000003,FIXTURE-0003,60000,70000,1,1.0,combined,random_forest,1,0.99375
F-000003,FIXTURE-0003,70000,80000,1,1.0,combined,random_forest,1,0.9875
F-000003,FIXTURE-0003,80000,90000,1,1.0,combined,random_forest,1,0.975
F-000003,FIXTURE-0003,90000,100000,0,1.0,combined,random_forest,0,0.0
F-000003,FIXTURE-0003,100000,110000,0,1.0,combined,random_forest,0,0.0
F-000003,FIXTURE-0003,110000,120000,0,0.6666666666666666,combined,random_forest,0,0.05
F-000012,FIXTURE-0012,0,10000,0,1.0,combined,random_forest,0,0.0
F-000012,FIXTURE-0012,10000,20000,0,1.0,combined,random_forest,0,0.0
F-000012,FIXTURE-0012,20000,30000,0,1.0,combined,random_forest,0,0.05
F-000012,FIXTURE-0012,30000,40000,1,0.6666666666666666,combined,random_forest,1,0.95
F-000012,FIXTURE-0012,40000,50000,1,0.6666666666666666,combined,random_forest,1,0.86875
F-000012,FIXTURE-0012,50000,60000,1,1.0,combined,random_forest,1,0.98125
F-000012,FIXTURE-0012,60000,70000,0,1.0,combined,random_forest,0,0.0
F-000012,FIXTURE-0012,70000,80000,0,1.0,combined,random_forest,0,0.0
F-000012,FIXTURE-0012,80000,90000,0,1.0,combined,random_forest,0,0.00625
F-000012,FIXTURE-0012,90000,100000,1,1.0,combined,random_forest,1,0.9625
F-000012,FIXTURE-0012,100000,110000,1,1.0,combined,random_forest,1,0.95625
F-000012,FIXTURE-0012,110000,120000,1,0.6666666666666666,combined,random_forest,1,0.91875
